{
    "name": "root",
    "gauges": {
        "DroneSoccerBrain.mean_reward": {
            "value": 0.13333333333333333,
            "min": -0.42105263157894735,
            "max": 0.7647058823529411,
            "count": 6077
        },
        "SocerTrainingReachBallTWoAgents_DroneSoccerBrain.Policy/Entropy.mean": {
            "value": 1.449734091758728,
            "min": 1.449734091758728,
            "max": 1.4855797290802002,
            "count": 6077
        },
        "SocerTrainingReachBallTWoAgents_DroneSoccerBrain.Environment/Cumulative Reward.mean": {
            "value": 0.13333333333333333,
            "min": -0.42105263157894735,
            "max": 0.7647058823529411,
            "count": 6077
        },
        "SocerTrainingReachBallTWoAgents_DroneSoccerBrain.Environment/Episode Length.mean": {
            "value": 328.8666666666667,
            "min": 198.125,
            "max": 399.0,
            "count": 6077
        },
        "SocerTrainingReachBallTWoAgents_DroneSoccerBrain.Policy/Extrinsic Value Estimate.mean": {
            "value": 0.2824133336544037,
            "min": 0.03510062023997307,
            "max": 0.37941017746925354,
            "count": 6077
        },
        "SocerTrainingReachBallTWoAgents_DroneSoccerBrain.Policy/Extrinsic Reward.mean": {
            "value": 0.13333333333333333,
            "min": -0.43243243243243246,
            "max": 0.7368421052631579,
            "count": 6077
        },
        "SocerTrainingReachBallTWoAgents_DroneSoccerBrain.Losses/Value Loss.mean": {
            "value": 0.010591288097202778,
            "min": 0.005316514056175947,
            "max": 0.018159426748752594,
            "count": 2916
        },
        "SocerTrainingReachBallTWoAgents_DroneSoccerBrain.Losses/Policy Loss.mean": {
            "value": 0.016310453414916992,
            "min": 0.010719520039856434,
            "max": 0.024157388135790825,
            "count": 2916
        },
        "SocerTrainingReachBallTWoAgents_DroneSoccerBrain.Policy/Learning Rate.mean": {
            "value": 9.999999747378752e-06,
            "min": 9.999999747378752e-06,
            "max": 9.999999747378752e-06,
            "count": 2916
        }
    },
    "total": 64094.33822798403,
    "count": 1,
    "self": 60.297283163061365,
    "children": {
        "run_training.setup": {
            "total": 0.4137775959679857,
            "count": 1,
            "self": 0.4137775959679857
        },
        "TrainerController.start_learning": {
            "total": 64033.627167225,
            "count": 1,
            "self": 1270.8454211925855,
            "children": {
                "TrainerController._reset_env": {
                    "total": 4.547162878967356,
                    "count": 1,
                    "self": 4.547162878967356
                },
                "TrainerController.advance": {
                    "total": 62645.866370225325,
                    "count": 3430783,
                    "self": 89.72044198506046,
                    "children": {
                        "env_step": {
                            "total": 46642.51753167313,
                            "count": 3430783,
                            "self": 13767.793069525505,
                            "children": {
                                "SubprocessEnvManager._take_step": {
                                    "total": 32485.380722386122,
                                    "count": 30473866,
                                    "self": 1304.3011102702585,
                                    "children": {
                                        "NNPolicy.evaluate": {
                                            "total": 31181.079612115864,
                                            "count": 30473866,
                                            "self": 31181.079612115864
                                        }
                                    }
                                },
                                "workers": {
                                    "total": 389.3437397615053,
                                    "count": 3430782,
                                    "self": 0.0,
                                    "children": {
                                        "worker_root": {
                                            "total": 767194.1536052562,
                                            "count": 30473860,
                                            "is_parallel": true,
                                            "self": 643199.9867726795,
                                            "children": {
                                                "run_training.setup": {
                                                    "total": 0.0,
                                                    "count": 0,
                                                    "is_parallel": true,
                                                    "self": 0.0,
                                                    "children": {
                                                        "batched_step_result_from_proto": {
                                                            "total": 0.012896486034151167,
                                                            "count": 12,
                                                            "is_parallel": true,
                                                            "self": 0.0030560159939341247,
                                                            "children": {
                                                                "_process_vector_observation": {
                                                                    "total": 0.009840470040217042,
                                                                    "count": 12,
                                                                    "is_parallel": true,
                                                                    "self": 0.009840470040217042
                                                                }
                                                            }
                                                        },
                                                        "UnityEnvironment.step": {
                                                            "total": 0.33944190182955936,
                                                            "count": 12,
                                                            "is_parallel": true,
                                                            "self": 0.0020325519144535065,
                                                            "children": {
                                                                "UnityEnvironment._generate_step_input": {
                                                                    "total": 0.0021382308332249522,
                                                                    "count": 12,
                                                                    "is_parallel": true,
                                                                    "self": 0.0021382308332249522
                                                                },
                                                                "communicator.exchange": {
                                                                    "total": 0.33118424605345353,
                                                                    "count": 12,
                                                                    "is_parallel": true,
                                                                    "self": 0.33118424605345353
                                                                },
                                                                "batched_step_result_from_proto": {
                                                                    "total": 0.0040868730284273624,