{
    "name": "root",
    "gauges": {
        "DroneSoccerBrain.mean_reward": {
            "value": 0.1111111111111111,
            "min": -0.47058823529411764,
            "max": 0.5625,
            "count": 2000
        },
        "SocerTrainingReachBallTWoAgents_DroneSoccerBrain.Policy/Entropy.mean": {
            "value": 1.4854177236557007,
            "min": 1.4852718114852905,
            "max": 1.5074303150177002,
            "count": 2000
        },
        "SocerTrainingReachBallTWoAgents_DroneSoccerBrain.Environment/Cumulative Reward.mean": {
            "value": 0.1111111111111111,
            "min": -0.47058823529411764,
            "max": 0.5625,
            "count": 2000
        },
        "SocerTrainingReachBallTWoAgents_DroneSoccerBrain.Environment/Episode Length.mean": {
            "value": 266.0,
            "min": 195.03846153846155,
            "max": 394.3076923076923,
            "count": 2000
        },
        "SocerTrainingReachBallTWoAgents_DroneSoccerBrain.Policy/Extrinsic Value Estimate.mean": {
            "value": 0.17733050882816315,
            "min": -0.13850323855876923,
            "max": 0.6707104444503784,
            "count": 2000
        },
        "SocerTrainingReachBallTWoAgents_DroneSoccerBrain.Policy/Extrinsic Reward.mean": {
            "value": 0.05405405405405406,
            "min": -0.45714285714285713,
            "max": 0.5625,
            "count": 2000
        },
        "SocerTrainingReachBallTWoAgents_DroneSoccerBrain.Losses/Value Loss.mean": {
            "value": 0.014128078706562519,
            "min": 0.0033117125276476145,
            "max": 0.02056739665567875,
            "count": 1886
        },
        "SocerTrainingReachBallTWoAgents_DroneSoccerBrain.Losses/Policy Loss.mean": {
            "value": 0.020912302657961845,
            "min": 0.013308082707226276,
            "max": 0.03613411635160446,
            "count": 1886
        },
        "SocerTrainingReachBallTWoAgents_DroneSoccerBrain.Policy/Learning Rate.mean": {
            "value": 9.999997928389348e-06,
            "min": 9.999997928389348e-06,
            "max": 9.999999747378752e-06,
            "count": 1886
        }
    },
    "total": 19739.28446274699,
    "count": 1,
    "self": 474.3600331329799,
    "children": {
        "run_training.setup": {
            "total": 0.4187157650012523,
            "count": 1,
            "self": 0.4187157650012523
        },
        "TrainerController.start_learning": {
            "total": 19264.50571384901,
            "count": 1,
            "self": 374.5305181106378,
            "children": {
                "TrainerController._reset_env": {
                    "total": 4.671671468007844,
                    "count": 1,
                    "self": 4.671671468007844
                },
                "TrainerController.advance": {
                    "total": 18851.7505989513,
                    "count": 1109518,
                    "self": 27.43142971812631,
                    "children": {
                        "env_step": {
                            "total": 14679.89673385871,
                            "count": 1109518,
                            "self": 4337.375339971564,
                            "children": {
                                "SubprocessEnvManager._take_step": {
                                    "total": 10218.112303038302,
                                    "count": 10028575,
                                    "self": 413.735659520491,
                                    "children": {
                                        "NNPolicy.evaluate": {
                                            "total": 9804.376643517811,
                                            "count": 10028575,
                                            "self": 9804.376643517811
                                        }
                                    }
                                },
                                "workers": {
                                    "total": 124.40909084884333,
                                    "count": 1109518,
                                    "self": 0.0,
                                    "children": {
                                        "worker_root": {
                                            "total": 230787.37170499365,
                                            "count": 10028572,
                                            "is_parallel": true,
                                            "self": 193816.23276291235,
                                            "children": {
                                                "run_training.setup": {
                                                    "total": 0.0,
                                                    "count": 0,
                                                    "is_parallel": true,
                                                    "self": 0.0,
                                                    "children": {
                                                        "batched_step_result_from_proto": {
                                                            "total": 0.013020873971981928,
                                                            "count": 12,
                                                            "is_parallel": true,
                                                            "self": 0.003013403940713033,
                                                            "children": {
                                                                "_process_vector_observation": {
                                                                    "total": 0.010007470031268895,
                                                                    "count": 12,
                                                                    "is_parallel": true,
                                                                    "self": 0.010007470031268895
                                                                }
                                                            }
                                                        },
                                                        "UnityEnvironment.step": {
                                                            "total": 0.29467201404622756,
                                                            "count": 12,
                                                            "is_parallel": true,
                                                            "self": 0.001913004060043022,
                                                            "children": {
                                                                "UnityEnvironment._generate_step_input": {
                                                                    "total": 0.002153174951672554,
                                                                    "count": 12,
                                                                    "is_parallel": true,
                                                                    "self": 0.002153174951672554
                                                                },
                                                                "communicator.exchange": {
                                                                    "total": 0.28699428297113627,
                                                                    "count": 12,
                                                                    "is_parallel": true,
                                                                    "self": 0.28699428297113627
                                                                },
                                                                "batched_step_result_from_proto": {
                                                                    "total": 0.0036115520633757114,
                                                                    "count": 12,