{
    "name": "root",
    "gauges": {
        "DroneSoccerBrain.mean_reward": {
            "value": 0.5820000083744525,
            "min": -0.0196078431372549,
            "max": 1.6803921813181801,
            "count": 1367
        },
        "SocerTrainCanco1_DroneSoccerBrain.Policy/Entropy.mean": {
            "value": 1.442103624343872,
            "min": 1.4189382791519165,
            "max": 1.442552924156189,
            "count": 1367
        },
        "SocerTrainCanco1_DroneSoccerBrain.Environment/Cumulative Reward.mean": {
            "value": 0.5820000083744525,
            "min": -0.0196078431372549,
            "max": 1.6803921813181801,
            "count": 1367
        },
        "SocerTrainCanco1_DroneSoccerBrain.Environment/Episode Length.mean": {
            "value": 196.14,
            "min": 190.55769230769232,
            "max": 199.0,
            "count": 1367
        },
        "SocerTrainCanco1_DroneSoccerBrain.Policy/Extrinsic Value Estimate.mean": {
            "value": 0.5678635835647583,
            "min": -0.025982683524489403,
            "max": 1.3387432098388672,
            "count": 1367
        },
        "SocerTrainCanco1_DroneSoccerBrain.Policy/Extrinsic Reward.mean": {
            "value": 0.5820000374317169,
            "min": -0.0196078431372549,
            "max": 1.680392364660899,
            "count": 1367
        },
        "SocerTrainCanco1_DroneSoccerBrain.Losses/Value Loss.mean": {
            "value": 0.10452107340097427,
            "min": 0.00030892679933458567,
            "max": 0.15881633758544922,
            "count": 66
        },
        "SocerTrainCanco1_DroneSoccerBrain.Losses/Policy Loss.mean": {
            "value": 0.017001699656248093,
            "min": 0.015585728920996189,
            "max": 0.01932603120803833,
            "count": 66
        },
        "SocerTrainCanco1_DroneSoccerBrain.Policy/Learning Rate.mean": {
            "value": 3.2372477107855957e-06,
            "min": 3.2372477107855957e-06,
            "max": 9.897500603983644e-06,
            "count": 66
        }
    },
    "total": 23373.09711816901,
    "count": 1,
    "self": 1.1154981390136527,
    "children": {
        "run_training.setup": {
            "total": 0.39652869799465407,
            "count": 1,
            "self": 0.39652869799465407
        },
        "TrainerController.start_learning": {
            "total": 23371.585091332003,
            "count": 1,
            "self": 762.037549422399,
            "children": {
                "TrainerController._reset_env": {
                    "total": 3.5603672670113156,
                    "count": 1,
                    "self": 3.5603672670113156
                },
                "TrainerController.advance": {
                    "total": 22561.279256703754,
                    "count": 2038916,
                    "self": 55.91080076518119,
                    "children": {
                        "env_step": {
                            "total": 19448.171455175237,
                            "count": 2038916,
                            "self": 5927.634659353658,
                            "children": {
                                "SubprocessEnvManager._take_step": {
                                    "total": 13331.107817652737,
                                    "count": 13730270,
                                    "self": 550.5859524610278,
                                    "children": {
                                        "NNPolicy.evaluate": {
                                            "total": 12780.52186519171,
                                            "count": 13730270,
                                            "self": 12780.52186519171
                                        }
                                    }
                                },
                                "workers": {
                                    "total": 189.42897816884215,
                                    "count": 2038915,
                                    "self": 0.0,
                                    "children": {
                                        "worker_root": {
                                            "total": 233174.02635521165,
                                            "count": 13730260,
                                            "is_parallel": true,
                                            "self": 178564.23428222665,
                                            "children": {
                                                "run_training.setup": {
                                                    "total": 0.0,
                                                    "count": 0,
                                                    "is_parallel": true,
                                                    "self": 0.0,
                                                    "children": {
                                                        "batched_step_result_from_proto": {
                                                            "total": 0.009779331026948057,
                                                            "count": 10,
                                                            "is_parallel": true,
                                                            "self": 0.00214395702641923,
                                                            "children": {
                                                                "_process_vector_observation": {
                                                                    "total": 0.007635374000528827,
                                                                    "count": 10,
                                                                    "is_parallel": true,
                                                                    "self": 0.007635374000528827
                                                                }
                                                            }
                                                        },
                                                        "UnityEnvironment.step": {
                                                            "total": 0.24103240700787865,
                                                            "count": 10,
                                                            "is_parallel": true,
                                                            "self": 0.001562110017403029,
                                                            "children": {
                                                                "UnityEnvironment._generate_step_input": {
                                                                    "total": 0.001931143007823266,
                                                                    "count": 10,
                                                                    "is_parallel": true,
                                                                    "self": 0.001931143007823266
                                                                },
                                                                "communicator.exchange": {
                                                                    "total": 0.2345197850081604,
                                                                    "count": 10,
                                                                    "is_parallel": true,
                                                                    "self": 0.2345197850081604
                                                                },
                                                                "batched_step_result_from_proto": {
                                                                    "total": 0.003019368974491954,
                                                                    "count": 10,
                                                                    "is_parallel": true,