{
    "name": "root",
    "gauges": {
        "DroneSoccerBrain.mean_reward": {
            "value": 0.05263157894736842,
            "min": -0.5,
            "max": 0.6666666666666666,
            "count": 6873
        },
        "SocerTrainingReachBallTWoAgents_DroneSoccerBrain.Policy/Entropy.mean": {
            "value": 1.4158475399017334,
            "min": 1.4157540798187256,
            "max": 1.4864221811294556,
            "count": 6873
        },
        "SocerTrainingReachBallTWoAgents_DroneSoccerBrain.Environment/Cumulative Reward.mean": {
            "value": 0.05263157894736842,
            "min": -0.5,
            "max": 0.6666666666666666,
            "count": 6873
        },
        "SocerTrainingReachBallTWoAgents_DroneSoccerBrain.Environment/Episode Length.mean": {
            "value": 277.57894736842104,
            "min": 147.85714285714286,
            "max": 399.0,
            "count": 6873
        },
        "SocerTrainingReachBallTWoAgents_DroneSoccerBrain.Policy/Extrinsic Value Estimate.mean": {
            "value": 0.2347734272480011,
            "min": -0.035928744822740555,
            "max": 0.3658331036567688,
            "count": 6873
        },
        "SocerTrainingReachBallTWoAgents_DroneSoccerBrain.Policy/Extrinsic Reward.mean": {
            "value": 0.05405405405405406,
            "min": -0.5,
            "max": 0.6129032258064516,
            "count": 6873
        },
        "SocerTrainingReachBallTWoAgents_DroneSoccerBrain.Losses/Value Loss.mean": {
            "value": 0.010024556890130043,
            "min": 0.005309597123414278,
            "max": 0.015664514154195786,
            "count": 3296
        },
        "SocerTrainingReachBallTWoAgents_DroneSoccerBrain.Losses/Policy Loss.mean": {
            "value": 0.021107226610183716,
            "min": 0.010417217388749123,
            "max": 0.0238050390034914,
            "count": 3296
        },
        "SocerTrainingReachBallTWoAgents_DroneSoccerBrain.Policy/Learning Rate.mean": {
            "value": 9.999999747378752e-06,
            "min": 9.999999747378752e-06,
            "max": 9.999999747378752e-06,
            "count": 3296
        }
    },
    "total": 73200.88017013704,
    "count": 1,
    "self": 60.66585020709317,
    "children": {
        "run_training.setup": {
            "total": 0.6611293429741636,
            "count": 1,
            "self": 0.6611293429741636
        },
        "TrainerController.start_learning": {
            "total": 73139.55319058697,
            "count": 1,
            "self": 1493.675785017549,
            "children": {
                "TrainerController._reset_env": {
                    "total": 3.638585459033493,
                    "count": 1,
                    "self": 3.638585459033493
                },
                "TrainerController.advance": {
                    "total": 71505.93467903923,
                    "count": 3866874,
                    "self": 101.2283796473057,
                    "children": {
                        "env_step": {
                            "total": 53613.198538287426,
                            "count": 3866874,
                            "self": 15643.74029689579,
                            "children": {
                                "SubprocessEnvManager._take_step": {
                                    "total": 37526.2696795527,
                                    "count": 34458114,
                                    "self": 1539.5992292878218,
                                    "children": {
                                        "NNPolicy.evaluate": {
                                            "total": 35986.67045026488,
                                            "count": 34458114,
                                            "self": 35986.67045026488
                                        }
                                    }
                                },
                                "workers": {
                                    "total": 443.18856183893513,
                                    "count": 3866873,
                                    "self": 0.0,
                                    "children": {
                                        "worker_root": {
                                            "total": 876202.050010262,
                                            "count": 34458109,
                                            "is_parallel": true,
                                            "self": 734573.5977215453,
                                            "children": {
                                                "run_training.setup": {
                                                    "total": 0.0,
                                                    "count": 0,
                                                    "is_parallel": true,
                                                    "self": 0.0,
                                                    "children": {
                                                        "batched_step_result_from_proto": {
                                                            "total": 0.013175748870708048,
                                                            "count": 12,
                                                            "is_parallel": true,
                                                            "self": 0.0027710319845937192,
                                                            "children": {
                                                                "_process_vector_observation": {
                                                                    "total": 0.010404716886114329,
                                                                    "count": 12,
                                                                    "is_parallel": true,
                                                                    "self": 0.010404716886114329
                                                                }
                                                            }
                                                        },
                                                        "UnityEnvironment.step": {
                                                            "total": 0.2808312720153481,
                                                            "count": 12,
                                                            "is_parallel": true,
                                                            "self": 0.0019809099030680954,
                                                            "children": {
                                                                "UnityEnvironment._generate_step_input": {
                                                                    "total": 0.0021926620975136757,
                                                                    "count": 12,
                                                                    "is_parallel": true,
                                                                    "self": 0.0021926620975136757
                                                                },
                                                                "communicator.exchange": {
                                                                    "total": 0.27288538304856047,
                                                                    "count": 12,
                                                                    "is_parallel": true,
                                                                    "self": 0.27288538304856047
                                                                },
                                                                "batched_step_result_from_proto": {
                                                                    "total": 0.0037723169662058353,
                                                                    "count": 12,