{
    "name": "root",
    "gauges": {
        "DroneSoccerBrain.mean_reward": {
            "value": 0.5064935064935064,
            "min": 0.3150684931506849,
            "max": 0.6103896103896104,
            "count": 2000
        },
        "SocerTrainingReachBall2_DroneSoccerBrain.Policy/Entropy.mean": {
            "value": 0.8383364677429199,
            "min": 0.8378153443336487,
            "max": 0.9898232817649841,
            "count": 2000
        },
        "SocerTrainingReachBall2_DroneSoccerBrain.Environment/Cumulative Reward.mean": {
            "value": 0.5064935064935064,
            "min": 0.3150684931506849,
            "max": 0.6103896103896104,
            "count": 2000
        },
        "SocerTrainingReachBall2_DroneSoccerBrain.Environment/Episode Length.mean": {
            "value": 130.71428571428572,
            "min": 120.82716049382717,
            "max": 149.56060606060606,
            "count": 2000
        },
        "SocerTrainingReachBall2_DroneSoccerBrain.Policy/Extrinsic Value Estimate.mean": {
            "value": 0.7839697599411011,
            "min": 0.5261699557304382,
            "max": 0.8328539133071899,
            "count": 2000
        },
        "SocerTrainingReachBall2_DroneSoccerBrain.Policy/Extrinsic Reward.mean": {
            "value": 0.5194805194805194,
            "min": 0.3150684931506849,
            "max": 0.6103896103896104,
            "count": 2000
        },
        "SocerTrainingReachBall2_DroneSoccerBrain.Losses/Value Loss.mean": {
            "value": 0.003186001442372799,
            "min": 0.0006660146173089743,
            "max": 0.008675295859575272,
            "count": 2000
        },
        "SocerTrainingReachBall2_DroneSoccerBrain.Losses/Policy Loss.mean": {
            "value": 0.0734560415148735,
            "min": 0.0657615140080452,
            "max": 0.08763141185045242,
            "count": 2000
        },
        "SocerTrainingReachBall2_DroneSoccerBrain.Policy/Learning Rate.mean": {
            "value": 9.999997928389348e-06,
            "min": 9.999997928389348e-06,
            "max": 1.0000000656873453e-05,
            "count": 2000
        }
    },
    "total": 35675.714259072,
    "count": 1,
    "self": 10.206613560010737,
    "children": {
        "run_training.setup": {
            "total": 0.4311858569999458,
            "count": 1,
            "self": 0.4311858569999458
        },
        "TrainerController.start_learning": {
            "total": 35665.07645965499,
            "count": 1,
            "self": 1133.6312724910022,
            "children": {
                "TrainerController._reset_env": {
                    "total": 3.468612739998207,
                    "count": 1,
                    "self": 3.468612739998207
                },
                "TrainerController.advance": {
                    "total": 34462.796395758865,
                    "count": 3027265,
                    "self": 86.74975832394557,
                    "children": {
                        "env_step": {
                            "total": 28798.285482148574,
                            "count": 3027265,
                            "self": 8810.995922339745,
                            "children": {
                                "SubprocessEnvManager._take_step": {
                                    "total": 19700.102098549316,
                                    "count": 20134788,
                                    "self": 815.836498401346,
                                    "children": {
                                        "NNPolicy.evaluate": {
                                            "total": 18884.26560014797,
                                            "count": 20134788,
                                            "self": 18884.26560014797
                                        }
                                    }
                                },
                                "workers": {
                                    "total": 287.18746125951293,
                                    "count": 3027265,
                                    "self": 0.0,
                                    "children": {
                                        "worker_root": {
                                            "total": 355845.32238376845,
                                            "count": 20134786,
                                            "is_parallel": true,
                                            "self": 274583.2793544684,
                                            "children": {
                                                "run_training.setup": {
                                                    "total": 0.0,
                                                    "count": 0,
                                                    "is_parallel": true,
                                                    "self": 0.0,
                                                    "children": {
                                                        "batched_step_result_from_proto": {
                                                            "total": 0.009537967998767272,
                                                            "count": 10,
                                                            "is_parallel": true,
                                                            "self": 0.002124461010680534,
                                                            "children": {
                                                                "_process_vector_observation": {
                                                                    "total": 0.007413506988086738,
                                                                    "count": 10,
                                                                    "is_parallel": true,
                                                                    "self": 0.007413506988086738
                                                                }
                                                            }
                                                        },
                                                        "UnityEnvironment.step": {
                                                            "total": 0.22927226399770007,
                                                            "count": 10,
                                                            "is_parallel": true,
                                                            "self": 0.0020399910063133575,
                                                            "children": {
                                                                "UnityEnvironment._generate_step_input": {
                                                                    "total": 0.0015419429910252802,
                                                                    "count": 10,
                                                                    "is_parallel": true,
                                                                    "self": 0.0015419429910252802
                                                                },
                                                                "communicator.exchange": {
                                                                    "total": 0.22265431500272825,
                                                                    "count": 10,
                                                                    "is_parallel": true,
                                                                    "self": 0.22265431500272825
                                                                },
                                                                "batched_step_result_from_proto": {
                                                                    "total": 0.003036014997633174,
                                                                    "count": 10,