{
    "name": "root",
    "gauges": {
        "DroneSoccerBrain.mean_reward": {
            "value": 0.9242424242424242,
            "min": -0.3,
            "max": 0.9807692307692307,
            "count": 1734
        },
        "SocerTrainingReachBallTWoAgents_DroneSoccerBrain.Policy/Entropy.mean": {
            "value": 1.5360472202301025,
            "min": 1.533517599105835,
            "max": 1.5926530361175537,
            "count": 1734
        },
        "SocerTrainingReachBallTWoAgents_DroneSoccerBrain.Environment/Cumulative Reward.mean": {
            "value": 0.9242424242424242,
            "min": -0.3,
            "max": 0.9807692307692307,
            "count": 1734
        },
        "SocerTrainingReachBallTWoAgents_DroneSoccerBrain.Environment/Episode Length.mean": {
            "value": 73.10606060606061,
            "min": 68.2394366197183,
            "max": 193.34615384615384,
            "count": 1734
        },
        "SocerTrainingReachBallTWoAgents_DroneSoccerBrain.Policy/Extrinsic Value Estimate.mean": {
            "value": 0.9514356255531311,
            "min": -0.2743764817714691,
            "max": 0.9598332643508911,
            "count": 1734
        },
        "SocerTrainingReachBallTWoAgents_DroneSoccerBrain.Policy/Extrinsic Reward.mean": {
            "value": 0.9083969465648855,
            "min": -0.29508196721311475,
            "max": 0.9809523809523809,
            "count": 1734
        },
        "SocerTrainingReachBallTWoAgents_DroneSoccerBrain.Losses/Value Loss.mean": {
            "value": 0.00020068039884790778,
            "min": 0.00013992769527249038,
            "max": 0.03347672522068024,
            "count": 1734
        },
        "SocerTrainingReachBallTWoAgents_DroneSoccerBrain.Losses/Policy Loss.mean": {
            "value": 0.07740991562604904,
            "min": 0.06572926044464111,
            "max": 0.08773867785930634,
            "count": 1734
        },
        "SocerTrainingReachBallTWoAgents_DroneSoccerBrain.Policy/Learning Rate.mean": {
            "value": 9.999997928389348e-06,
            "min": 9.999997018894646e-06,
            "max": 9.999999747378752e-06,
            "count": 1734
        }
    },
    "total": 19630.421523868004,
    "count": 1,
    "self": 59.068493589016725,
    "children": {
        "run_training.setup": {
            "total": 0.36686070199357346,
            "count": 1,
            "self": 0.36686070199357346
        },
        "TrainerController.start_learning": {
            "total": 19570.986169576994,
            "count": 1,
            "self": 520.0974744974519,
            "children": {
                "TrainerController._reset_env": {
                    "total": 4.699856223989627,
                    "count": 1,
                    "self": 4.699856223989627
                },
                "TrainerController.advance": {
                    "total": 19016.68631878453,
                    "count": 1333105,
                    "self": 38.1263267112663,
                    "children": {
                        "env_step": {
                            "total": 14153.503828443107,
                            "count": 1333105,
                            "self": 4424.385587761499,
                            "children": {
                                "SubprocessEnvManager._take_step": {
                                    "total": 9602.127496770772,
                                    "count": 8738356,
                                    "self": 386.20258950923744,
                                    "children": {
                                        "NNPolicy.evaluate": {
                                            "total": 9215.924907261535,
                                            "count": 8738356,
                                            "self": 9215.924907261535
                                        }
                                    }
                                },
                                "workers": {
                                    "total": 126.99074391083559,
                                    "count": 1333105,
                                    "self": 0.0,
                                    "children": {
                                        "worker_root": {
                                            "total": 195358.57858440347,
                                            "count": 8738353,
                                            "is_parallel": true,
                                            "self": 156089.7273786114,
                                            "children": {
                                                "run_training.setup": {
                                                    "total": 0.0,
                                                    "count": 0,
                                                    "is_parallel": true,
                                                    "self": 0.0,
                                                    "children": {
                                                        "batched_step_result_from_proto": {
                                                            "total": 0.010770053995656781,
                                                            "count": 10,
                                                            "is_parallel": true,
                                                            "self": 0.0024775839847279713,
                                                            "children": {
                                                                "_process_vector_observation": {
                                                                    "total": 0.00829247001092881,
                                                                    "count": 10,
                                                                    "is_parallel": true,
                                                                    "self": 0.00829247001092881
                                                                }
                                                            }
                                                        },
                                                        "UnityEnvironment.step": {
                                                            "total": 0.23880684799223673,
                                                            "count": 10,
                                                            "is_parallel": true,
                                                            "self": 0.0016692810313543305,
                                                            "children": {
                                                                "UnityEnvironment._generate_step_input": {
                                                                    "total": 0.0017223939939867705,
                                                                    "count": 10,
                                                                    "is_parallel": true,
                                                                    "self": 0.0017223939939867705
                                                                },
                                                                "communicator.exchange": {
                                                                    "total": 0.23234498799138237,
                                                                    "count": 10,
                                                                    "is_parallel": true,
                                                                    "self": 0.23234498799138237
                                                                },
                                                                "batched_step_result_from_proto": {
                                                                    "total": 0.003070184975513257,
                                                                    "count": 10,