{"count":1,"gauges":{"DroneSoccerBrain.CumulativeReward":{"count":3766,"max":1,"min":-1,"value":0,"weightedAverage":0.332104355}},"self":986.9597696,"total":19719.90913,"children":{"AgentSendState":{"count":2767951,"self":19.8751568,"total":58.295657,"children":{"CollectObservations":{"count":1107182,"self":22.0469744,"total":22.046975,"children":null},"CollectDiscreteActionMasks":{"count":1107182,"self":1.999371,"total":1.999371,"children":null},"AgentInfo.ToProto":{"count":1107182,"self":6.2854832,"total":14.374153999999999,"children":{"GenerateSensorData":{"count":1107182,"self":8.0886712,"total":8.088671,"children":null}}}}},"DecideAction":{"count":2767951,"self":18660.7910912,"total":18660.790537,"children":null},"AgentAct":{"count":2767951,"self":13.8073952,"total":13.862233,"children":{"AgentInfo.ToProto":{"count":3766,"self":0.024728999999999998,"total":0.054837,"children":{"GenerateSensorData":{"count":3766,"self":0.030108,"total":0.030108,"children":null}}}}}}}