{"count":1,"gauges":{"DroneSoccerBrain.CumulativeReward":{"count":8940,"max":1,"min":-1,"value":-1,"weightedAverage":-0.0237875879}},"self":845.4237696,"total":8470.29369,"children":{"AgentSendState":{"count":2725401,"self":23.888911999999998,"total":68.37660799999999,"children":{"CollectObservations":{"count":1090164,"self":24.8226336,"total":24.822633999999997,"children":null},"CollectDiscreteActionMasks":{"count":1090164,"self":2.754142,"total":2.754142,"children":null},"AgentInfo.ToProto":{"count":1090164,"self":7.8161856,"total":16.91092,"children":{"GenerateSensorData":{"count":1090164,"self":9.0947344,"total":9.094733999999999,"children":null}}}}},"DecideAction":{"count":2725401,"self":7540.1076735999995,"total":7540.107346,"children":null},"AgentAct":{"count":2725401,"self":16.2442368,"total":16.384418999999998,"children":{"AgentInfo.ToProto":{"count":8940,"self":0.059454,"total":0.140182,"children":{"GenerateSensorData":{"count":8940,"self":0.080728,"total":0.080728,"children":null}}}}}}}69416999999999993,"children":null}}}}}}}