{"count":1,"gauges":{"DroneSoccerBrain.CumulativeReward":{"count":9548,"max":2.43999887,"min":-1,"value":0.979999363,"weightedAverage":1.08789277}},"self":4298.7810816,"total":42512.790885999995,"children":{"AgentSendState":{"count":17997168,"self":92.5758144,"total":140.099009,"children":{"CollectObservations":{"count":1799717,"self":10.9293432,"total":10.929343,"children":null},"CollectDiscreteActionMasks":{"count":1799717,"self":3.8881968,"total":3.888197,"children":null},"AgentInfo.ToProto":{"count":1799717,"self":14.825318399999999,"total":32.705653999999996,"children":{"GenerateSensorData":{"count":1799717,"self":17.880336,"total":17.880336,"children":null}}}}},"DecideAction":{"count":17997168,"self":37980.192768,"total":37980.191792,"children":null},"AgentAct":{"count":17997168,"self":93.5339904,"total":93.71824,"children":{"AgentInfo.ToProto":{"count":9548,"self":0.082761,"total":0.184252,"children":{"GenerateSensorData":{"count":9548,"self":0.101491,"total":0.101491,"children":null}}}}}}}