{"count":1,"gauges":{"DroneSoccerBrain.CumulativeReward":{"count":142,"max":19.1000366,"min":0,"value":0,"weightedAverage":0.18676284}},"self":138.2126592,"total":1213.187852,"children":{"AgentSendState":{"count":279051,"self":3.59748,"total":5.713159,"children":{"CollectObservations":{"count":27906,"self":0.519788,"total":0.519788,"children":null},"CollectDiscreteActionMasks":{"count":27906,"self":0.220974,"total":0.220974,"children":null},"AgentInfo.ToProto":{"count":27906,"self":0.672613,"total":1.374917,"children":{"GenerateSensorData":{"count":27906,"self":0.70230399999999993,"total":0.70230399999999993,"children":null}}}}},"DecideAction":{"count":279051,"self":1065.6792576,"total":1065.6792329999998,"children":null},"AgentAct":{"count":279051,"self":3.5750859999999998,"total":3.580516,"children":{"AgentInfo.ToProto":{"count":142,"self":0.0024909999999999997,"total":0.00543,"children":{"GenerateSensorData":{"count":142,"self":0.0029389999999999998,"total":0.0029389999999999998,"children":null}}}}}}}:null}}}}}}}