{"count":1,"gauges":{"DroneSoccerBrain.CumulativeReward":{"count":20287,"max":1,"min":0,"value":1,"weightedAverage":0.801592052}},"self":988.0163328,"total":11672.3383,"children":{"AgentSendState":{"count":3788251,"self":22.174185599999998,"total":51.825764,"children":{"CollectObservations":{"count":757652,"self":17.4872032,"total":17.487204,"children":null},"CollectDiscreteActionMasks":{"count":757652,"self":1.425624,"total":1.425624,"children":null},"AgentInfo.ToProto":{"count":757652,"self":4.856482,"total":10.738750999999999,"children":{"GenerateSensorData":{"count":757652,"self":5.8822687999999994,"total":5.882269,"children":null}}}}},"DecideAction":{"count":3788251,"self":10613.938585599999,"total":10613.938214,"children":null},"AgentAct":{"count":3788251,"self":18.183891199999998,"total":18.557081,"children":{"AgentInfo.ToProto":{"count":20287,"self":0.162637,"total":0.373189,"children":{"GenerateSensorData":{"count":20287,"self":0.210552,"total":0.210552,"children":null}}}}}}}