{"count":1,"gauges":{},"self":0.362888,"total":0.439793,"children":{"AgentSendState":{"count":84,"self":0.006802,"total":0.044583,"children":{"CollectObservations":{"count":9,"self":0.003534,"total":0.003534,"children":null},"CollectDiscreteActionMasks":{"count":9,"self":3.9999999999999996E-05,"total":3.9999999999999996E-05,"children":null},"AgentInfo.ToProto":{"count":9,"self":0.028211,"total":0.034207,"children":{"GenerateSensorData":{"count":9,"self":0.005996,"total":0.005996,"children":null}}}}},"DecideAction":{"count":84,"self":0.028555999999999998,"total":0.028555999999999998,"children":null},"AgentAct":{"count":84,"self":0.001099,"total":0.001099,"children":null}}}al":0.0017189999999999998,"children":null}}}