{"count":1,"gauges":{"DroneSoccerBrain.CumulativeReward":{"count":18,"max":1,"min":-1,"value":0,"weightedAverage":-0.141442835}},"self":119.9455232,"total":127.431862,"children":{"AgentSendState":{"count":11882,"self":0.66801,"total":1.159282,"children":{"CollectObservations":{"count":4754,"self":0.399746,"total":0.399746,"children":null},"CollectDiscreteActionMasks":{"count":4754,"self":0.091526,"total":0.091526,"children":null}}},"DecideAction":{"count":11882,"self":6.0034199999999993,"total":6.0034199999999993,"children":null},"AgentAct":{"count":11882,"self":0.32220899999999997,"total":0.32220899999999997,"children":null}}}