{"count":1,"gauges":{},"self":1.5042389999999999,"total":1.5348,"children":{"AgentSendState":{"count":22,"self":0.004808,"total":0.007388,"children":{"CollectObservations":{"count":6,"self":0.002466,"total":0.002466,"children":null},"CollectDiscreteActionMasks":{"count":6,"self":0.00011399999999999999,"total":0.00011399999999999999,"children":null}}},"DecideAction":{"count":22,"self":0.020076999999999998,"total":0.020076999999999998,"children":null}}}