{"count":1,"gauges":{"DroneSoccerBrain.CumulativeReward":{"count":124,"max":1,"min":-1,"value":0,"weightedAverage":0.009605551}},"self":153.9227904,"total":187.64444899999998,"children":{"AgentSendState":{"count":45340,"self":2.291864,"total":4.24965,"children":{"CollectObservations":{"count":36272,"self":1.493234,"total":1.493234,"children":null},"CollectDiscreteActionMasks":{"count":36272,"self":0.46455199999999996,"total":0.46455199999999996,"children":null}}},"DecideAction":{"count":45340,"self":28.6473728,"total":28.647371999999997,"children":null},"AgentAct":{"count":45340,"self":0.823638,"total":0.823638,"children":null}}}