{"count":1,"gauges":{"DroneSoccerBrain.CumulativeReward":{"count":59,"max":1,"min":-1,"value":0,"weightedAverage":0.09269114}},"self":181.57354239999998,"total":203.468676,"children":{"AgentSendState":{"count":101410,"self":2.450636,"total":2.776014,"children":{"CollectObservations":{"count":10141,"self":0.19583899999999999,"total":0.19583899999999999,"children":null},"CollectDiscreteActionMasks":{"count":10141,"self":0.129539,"total":0.129539,"children":null}}},"DecideAction":{"count":101410,"self":17.5004256,"total":17.500425,"children":null},"AgentAct":{"count":101410,"self":1.6176849999999998,"total":1.6176849999999998,"children":null}}}