{"count":1,"gauges":{"DroneSoccerBrain.CumulativeReward":{"count":50,"max":0,"min":0,"value":0,"weightedAverage":0}},"self":86.2109376,"total":168.08022599999998,"children":{"AgentSendState":{"count":125751,"self":3.814638,"total":5.2977,"children":{"CollectObservations":{"count":12576,"self":0.329099,"total":0.329099,"children":null},"CollectDiscreteActionMasks":{"count":12576,"self":0.216998,"total":0.216998,"children":null},"AgentInfo.ToProto":{"count":12576,"self":0.54243999999999992,"total":0.93696499999999994,"children":{"GenerateSensorData":{"count":12576,"self":0.39452499999999996,"total":0.39452499999999996,"children":null}}}}},"DecideAction":{"count":125751,"self":73.7629056,"total":73.762905,"children":null},"AgentAct":{"count":125751,"self":2.803142,"total":2.8067089999999997,"children":{"AgentInfo.ToProto":{"count":50,"self":0.002042,"total":0.003567,"children":{"GenerateSensorData":{"count":50,"self":0.0015249999999999999,"total":0.0015249999999999999,"children":null}}}}}}}