{"count":1,"gauges":{"DroneSoccerBrain.CumulativeReward":{"count":36,"max":0,"min":0,"value":0,"weightedAverage":0}},"self":45.629856,"total":60.391009,"children":{"AgentSendState":{"count":18976,"self":0.776971,"total":1.5345039999999999,"children":{"CollectObservations":{"count":7592,"self":0.307,"total":0.307,"children":null},"CollectDiscreteActionMasks":{"count":7592,"self":0.090806,"total":0.090806,"children":null},"AgentInfo.ToProto":{"count":7592,"self":0.20901499999999998,"total":0.35972699999999996,"children":{"GenerateSensorData":{"count":7592,"self":0.15071199999999998,"total":0.15071199999999998,"children":null}}}}},"DecideAction":{"count":18976,"self":12.903519999999999,"total":12.903519999999999,"children":null},"AgentAct":{"count":18976,"self":0.320235,"total":0.321924,"children":{"AgentInfo.ToProto":{"count":36,"self":0.001001,"total":0.001689,"children":{"GenerateSensorData":{"count":36,"self":0.00068799999999999992,"total":0.00068799999999999992,"children":null}}}}}}}