{"count":1,"gauges":{},"self":7.1938064,"total":12.896654999999999,"children":{"AgentSendState":{"count":616,"self":0.022411999999999998,"total":0.032298,"children":{"CollectObservations":{"count":124,"self":0.008324,"total":0.008324,"children":null},"CollectDiscreteActionMasks":{"count":124,"self":0.001562,"total":0.001562,"children":null}}},"DecideAction":{"count":616,"self":5.6689992,"total":5.6689989999999995,"children":null}}}