{"count":1,"gauges":{"DroneSoccerBrain.CumulativeReward":{"count":16371,"max":1,"min":0,"value":1,"weightedAverage":0.9999999}},"self":971.9739391999999,"total":11884.729868999999,"children":{"AgentSendState":{"count":4658001,"self":26.653497599999998,"total":41.292811,"children":{"CollectObservations":{"count":465801,"self":3.455466,"total":3.455466,"children":null},"CollectDiscreteActionMasks":{"count":465801,"self":1.265239,"total":1.265239,"children":null},"AgentInfo.ToProto":{"count":465801,"self":4.5365351999999994,"total":9.918607999999999,"children":{"GenerateSensorData":{"count":465801,"self":5.3820727999999995,"total":5.382073,"children":null}}}}},"DecideAction":{"count":4658001,"self":10849.2660736,"total":10849.265820999999,"children":null},"AgentAct":{"count":4658001,"self":21.8529408,"total":22.195771,"children":{"AgentInfo.ToProto":{"count":16371,"self":0.15381,"total":0.342831,"children":{"GenerateSensorData":{"count":16371,"self":0.189021,"total":0.189021,"children":null}}}}}}}ren":null}}}}}}}n":null}}}}}}}}}