{"count":1,"gauges":{"DroneSoccerBrain.CumulativeReward":{"count":11886,"max":1,"min":-1,"value":1,"weightedAverage":0.9345468}},"self":1688.4385791999998,"total":19619.002159,"children":{"AgentSendState":{"count":7155418,"self":50.488096,"total":123.772441,"children":{"CollectObservations":{"count":1431084,"self":41.919235199999996,"total":41.919236,"children":null},"CollectDiscreteActionMasks":{"count":1431084,"self":3.9071312,"total":3.9071309999999997,"children":null},"AgentInfo.ToProto":{"count":1431084,"self":12.4533208,"total":27.457977999999997,"children":{"GenerateSensorData":{"count":1431084,"self":15.0046576,"total":15.004657,"children":null}}}}},"DecideAction":{"count":7155418,"self":17767.6468224,"total":17767.647063,"children":null},"AgentAct":{"count":7155418,"self":38.9172,"total":39.141647,"children":{"AgentInfo.ToProto":{"count":11886,"self":0.097859,"total":0.22444599999999998,"children":{"GenerateSensorData":{"count":11886,"self":0.126587,"total":0.126587,"children":null}}}}}}}