{"count":1,"gauges":{"DroneSoccerBrain.CumulativeReward":{"count":4249,"max":1,"min":0,"value":0,"weightedAverage":0.1870865}},"self":1871.7304832,"total":21156.332137999998,"children":{"AgentSendState":{"count":9039668,"self":51.4794208,"total":80.676406,"children":{"CollectObservations":{"count":903967,"self":6.7330815999999993,"total":6.733082,"children":null},"CollectDiscreteActionMasks":{"count":903967,"self":2.44839,"total":2.44839,"children":null},"AgentInfo.ToProto":{"count":903967,"self":9.1608016,"total":20.015513,"children":{"GenerateSensorData":{"count":903967,"self":10.854711199999999,"total":10.854711,"children":null}}}}},"DecideAction":{"count":9039668,"self":19162.885324799998,"total":19162.885403,"children":null},"AgentAct":{"count":9039668,"self":40.9450912,"total":41.037986,"children":{"AgentInfo.ToProto":{"count":4249,"self":0.041853,"total":0.092894999999999991,"children":{"GenerateSensorData":{"count":4249,"self":0.051042,"total":0.051042,"children":null}}}}}}}ull}}}}}}}l":0.097307999999999992,"children":null}}}}}}}