{"count":1,"gauges":{"DroneSoccerBrain.CumulativeReward":{"count":11176,"max":1,"min":-1,"value":1,"weightedAverage":0.5714475}},"self":3572.6987264,"total":35669.063901,"children":{"AgentSendState":{"count":15036168,"self":76.3255872,"total":116.22696699999999,"children":{"CollectObservations":{"count":1503617,"self":9.8683104,"total":9.86831,"children":null},"CollectDiscreteActionMasks":{"count":1503617,"self":3.2901789999999997,"total":3.2901789999999997,"children":null},"AgentInfo.ToProto":{"count":1503617,"self":12.408017599999999,"total":26.742891,"children":{"GenerateSensorData":{"count":1503617,"self":14.3348736,"total":14.334873,"children":null}}}}},"DecideAction":{"count":15036168,"self":31913.125478399998,"total":31913.124893,"children":null},"AgentAct":{"count":15036168,"self":66.8073856,"total":67.012432,"children":{"AgentInfo.ToProto":{"count":11176,"self":0.093387,"total":0.20504699999999998,"children":{"GenerateSensorData":{"count":11176,"self":0.11166,"total":0.11166,"children":null}}}}}}}