{"count":1,"gauges":{"DroneSoccerBrain.CumulativeReward":{"count":4304,"max":1,"min":-1,"value":1,"weightedAverage":0.0277172029}},"self":446.98926079999995,"total":15514.213001999999,"children":{"AgentSendState":{"count":1256601,"self":12.276308799999999,"total":42.145998999999996,"children":{"CollectObservations":{"count":1005284,"self":17.0365344,"total":17.036535,"children":null},"CollectDiscreteActionMasks":{"count":1005284,"self":1.8025909999999998,"total":1.8025909999999998,"children":null},"AgentInfo.ToProto":{"count":1005284,"self":5.1520832,"total":11.030564,"children":{"GenerateSensorData":{"count":1005284,"self":5.8784808,"total":5.878481,"children":null}}}}},"DecideAction":{"count":1256601,"self":15018.22976,"total":15018.22914,"children":null},"AgentAct":{"count":1256601,"self":6.7960648,"total":6.8475579999999994,"children":{"AgentInfo.ToProto":{"count":4304,"self":0.026244999999999997,"total":0.051493,"children":{"GenerateSensorData":{"count":4304,"self":0.025248,"total":0.025248,"children":null}}}}}}}