{"count":1,"gauges":{"DroneSoccerBrain.CumulativeReward":{"count":297,"max":2.42999816,"min":0,"value":0,"weightedAverage":0.000671925431}},"self":197.198656,"total":896.83518199999992,"children":{"AgentSendState":{"count":736926,"self":4.9615408,"total":7.7671189999999992,"children":{"CollectObservations":{"count":73693,"self":0.62554599999999994,"total":0.62554599999999994,"children":null},"CollectDiscreteActionMasks":{"count":73693,"self":0.24160399999999999,"total":0.24160399999999999,"children":null},"AgentInfo.ToProto":{"count":73693,"self":0.87856499999999993,"total":1.9384279999999998,"children":{"GenerateSensorData":{"count":73693,"self":1.059863,"total":1.059863,"children":null}}}}},"DecideAction":{"count":736926,"self":687.2174592,"total":687.217436,"children":null},"AgentAct":{"count":736926,"self":4.6437872,"total":4.650576,"children":{"AgentInfo.ToProto":{"count":297,"self":0.002887,"total":0.006789,"children":{"GenerateSensorData":{"count":297,"self":0.0039019999999999997,"total":0.0039019999999999997,"children":null}}}}}}}