{"count":1,"gauges":{"DroneSoccerBrain.CumulativeReward":{"count":6049,"max":2.84999847,"min":-1,"value":0,"weightedAverage":0.117288411}},"self":3485.4027263999997,"total":33995.089562,"children":{"AgentSendState":{"count":15001585,"self":76.796947199999991,"total":119.07377199999999,"children":{"CollectObservations":{"count":1500159,"self":10.1286176,"total":10.128618,"children":null},"CollectDiscreteActionMasks":{"count":1500159,"self":3.8917248,"total":3.8917249999999997,"children":null},"AgentInfo.ToProto":{"count":1500159,"self":12.8531376,"total":28.256482,"children":{"GenerateSensorData":{"count":1500159,"self":15.403343999999999,"total":15.403343999999999,"children":null}}}}},"DecideAction":{"count":15001585,"self":30310.3082496,"total":30310.308703,"children":null},"AgentAct":{"count":15001585,"self":80.18325759999999,"total":80.303541,"children":{"AgentInfo.ToProto":{"count":6049,"self":0.053198999999999996,"total":0.12028599999999999,"children":{"GenerateSensorData":{"count":6049,"self":0.067087,"total":0.067087,"children":null}}}}}}}